.\img\001\0.png,5
.\img\001\1.png,5
.\img\001\10.png,5
.\img\001\11.png,5
.\img\001\12.png,5
.\img\001\13.png,5
.\img\001\14.png,5
.\img\001\15.png,5
.\img\001\16.png,5
.\img\001\17.png,5
.\img\001\18.png,5
.\img\001\19.png,5
.\img\001\2.png,5
.\img\001\20.png,5
.\img\001\21.png,5
.\img\001\22.png,5
.\img\001\23.png,5
.\img\001\3.png,5
.\img\001\4.png,5
.\img\001\5.png,5
.\img\001\6.png,5
.\img\001\7.png,5
.\img\001\8.png,5
.\img\001\9.png,5
.\img\liuaicha\0.png,5
.\img\liuaicha\1.png,5
.\img\liuaicha\10.png,5
.\img\liuaicha\11.png,5
.\img\liuaicha\12.png,5
.\img\liuaicha\13.png,5
.\img\liuaicha\14.png,5
.\img\liuaicha\15.png,5
.\img\liuaicha\16.png,5
.\img\liuaicha\17.png,5
.\img\liuaicha\18.png,5
.\img\liuaicha\19.png,5
.\img\liuaicha\2.png,5
.\img\liuaicha\20.png,5
.\img\liuaicha\21.png,5
.\img\liuaicha\22.png,5
.\img\liuaicha\23.png,5
.\img\liuaicha\24.png,5
.\img\liuaicha\25.png,5
.\img\liuaicha\26.png,5
.\img\liuaicha\27.png,5
.\img\liuaicha\28.png,5
.\img\liuaicha\29.png,5
.\img\liuaicha\3.png,5
.\img\liuaicha\30.png,5
.\img\liuaicha\31.png,5
.\img\liuaicha\32.png,5
.\img\liuaicha\33.png,5
.\img\liuaicha\34.png,5
.\img\liuaicha\35.png,5
.\img\liuaicha\36.png,5
.\img\liuaicha\37.png,5
.\img\liuaicha\38.png,5
.\img\liuaicha\39.png,5
.\img\liuaicha\4.png,5
.\img\liuaicha\5.png,5
.\img\liuaicha\6.png,5
.\img\liuaicha\7.png,5
.\img\liuaicha\8.png,5
.\img\liuaicha\9.png,5
.\img\ws\0.png,5
.\img\ws\1.png,5
.\img\ws\10.png,5
.\img\ws\11.png,5
.\img\ws\12.png,5
.\img\ws\13.png,5
.\img\ws\14.png,5
.\img\ws\15.png,5
.\img\ws\16.png,5
.\img\ws\17.png,5
.\img\ws\18.png,5
.\img\ws\19.png,5
.\img\ws\2.png,5
.\img\ws\20.png,5
.\img\ws\21.png,5
.\img\ws\22.png,5
.\img\ws\23.png,5
.\img\ws\24.png,5
.\img\ws\25.png,5
.\img\ws\26.png,5
.\img\ws\27.png,5
.\img\ws\28.png,5
.\img\ws\29.png,5
.\img\ws\3.png,5
.\img\ws\30.png,5
.\img\ws\31.png,5
.\img\ws\32.png,5
.\img\ws\33.png,5
.\img\ws\34.png,5
.\img\ws\35.png,5
.\img\ws\36.png,5
.\img\ws\37.png,5
.\img\ws\38.png,5
.\img\ws\39.png,5
.\img\ws\4.png,5
.\img\ws\40.png,5
.\img\ws\41.png,5
.\img\ws\42.png,5
.\img\ws\5.png,5
.\img\ws\6.png,5
.\img\ws\7.png,5
.\img\ws\8.png,5
.\img\ws\9.png,5
.\img\zhangxuebi\0.png,5
.\img\zhangxuebi\1.png,5
.\img\zhangxuebi\10.png,5
.\img\zhangxuebi\11.png,5
.\img\zhangxuebi\12.png,5
.\img\zhangxuebi\13.png,5
.\img\zhangxuebi\14.png,5
.\img\zhangxuebi\15.png,5
.\img\zhangxuebi\16.png,5
.\img\zhangxuebi\17.png,5
.\img\zhangxuebi\18.png,5
.\img\zhangxuebi\19.png,5
.\img\zhangxuebi\2.png,5
.\img\zhangxuebi\20.png,5
.\img\zhangxuebi\21.png,5
.\img\zhangxuebi\22.png,5
.\img\zhangxuebi\23.png,5
.\img\zhangxuebi\24.png,5
.\img\zhangxuebi\25.png,5
.\img\zhangxuebi\26.png,5
.\img\zhangxuebi\27.png,5
.\img\zhangxuebi\28.png,5
.\img\zhangxuebi\29.png,5
.\img\zhangxuebi\3.png,5
.\img\zhangxuebi\30.png,5
.\img\zhangxuebi\31.png,5
.\img\zhangxuebi\32.png,5
.\img\zhangxuebi\33.png,5
.\img\zhangxuebi\34.png,5
.\img\zhangxuebi\35.png,5
.\img\zhangxuebi\36.png,5
.\img\zhangxuebi\37.png,5
.\img\zhangxuebi\38.png,5
.\img\zhangxuebi\39.png,5
.\img\zhangxuebi\4.png,5
.\img\zhangxuebi\40.png,5
.\img\zhangxuebi\41.png,5
.\img\zhangxuebi\42.png,5
.\img\zhangxuebi\43.png,5
.\img\zhangxuebi\44.png,5
.\img\zhangxuebi\45.png,5
.\img\zhangxuebi\46.png,5
.\img\zhangxuebi\47.png,5
.\img\zhangxuebi\48.png,5
.\img\zhangxuebi\49.png,5
.\img\zhangxuebi\5.png,5
.\img\zhangxuebi\50.png,5
.\img\zhangxuebi\51.png,5
.\img\zhangxuebi\52.png,5
.\img\zhangxuebi\53.png,5
.\img\zhangxuebi\54.png,5
.\img\zhangxuebi\55.png,5
.\img\zhangxuebi\56.png,5
.\img\zhangxuebi\57.png,5
.\img\zhangxuebi\58.png,5
.\img\zhangxuebi\6.png,5
.\img\zhangxuebi\7.png,5
.\img\zhangxuebi\8.png,5
.\img\zhangxuebi\9.png,5
